bmi_class,1991-92_1,2019_1,diff_m,perc_m,1991-92_2,2019_2,diff_f,perc_f
underweight,52.1,50.8,-1.3000000000000043,-2.5,45.1,45.7,0.6000000000000014,1.3
normal,66.7,70.8,4.099999999999994,6.1,56.8,59.3,2.5,4.4
overweight,77.5,84.3,6.799999999999997,8.8,65.5,70.8,5.299999999999997,8.1
obese,90.6,102.4,11.800000000000011,13,77.8,86.8,9,11.6
morbidly obese,115.1,136.2,21.099999999999994,18.3,101.4,118,16.599999999999994,16.4
